{"AUC": 0.493896484375, "_timestamp": 1693339887.0601358, "_runtime": 19.625762939453125, "_step": 1, "Validation AUC": 0.5, "_wandb": {"runtime": 19}}