{"AUC": 0.83148193359375, "_timestamp": 1693340088.6005297, "_runtime": 13.850810766220093, "_step": 1, "Validation AUC": 0.7538580894470215, "_wandb": {"runtime": 13}}