{"graph": {"_type": "graph-file", "sha256": "2f2b006cc130d9bfd6610bc7e7b8bc0098e585700b01aa280046c254cba0a8f9", "size": 1415, "path": "media/graph/graph_summary_2f2b006cc130d9bfd661.graph.json"}, "epoch": 6, "_timestamp": 1693326681.3929126, "loss": 5.465234279632568, "accuracy": 0.96875, "auc_1": 0.99554443359375, "val_loss": 7.000877857208252, "val_accuracy": 0.5555555820465088, "val_auc_1": 0.8611111044883728, "_runtime": 54.0260226726532, "_step": 6, "best_val_loss": 7.000877857208252, "best_epoch": 6}