{"AUC": 0.4559326171875, "_timestamp": 1693340835.9301074, "_runtime": 15.64298129081726, "_step": 1, "Validation AUC": 0.4999999701976776, "_wandb": {"runtime": 15}}