{"AUC": 0.5435791015625, "_timestamp": 1693342062.6802447, "_runtime": 19.002943754196167, "_step": 1, "Validation AUC": 0.5, "_wandb": {"runtime": 18}}