{"AUC": 0.5, "_timestamp": 1693339262.5705528, "_runtime": 9.21335482597351, "_step": 1, "_wandb": {"runtime": 8}}