{"AUC": 0.5069580078125, "_timestamp": 1693341280.4793506, "_runtime": 15.653116464614868, "_step": 1, "Validation AUC": 0.5, "_wandb": {"runtime": 15}}