{"AUC": 0.54541015625, "_timestamp": 1693341152.6821778, "_runtime": 13.058302879333496, "_step": 1, "Validation AUC": 0.5, "_wandb": {"runtime": 12}}