{"AUC": 0.82720947265625, "_timestamp": 1693340257.1543803, "_runtime": 15.68673324584961, "_step": 1, "Validation AUC": 0.8657407760620117, "_wandb": {"runtime": 15}}