{"AUC": 0.43798828125, "_timestamp": 1693340508.9389243, "_runtime": 16.62470030784607, "_step": 1, "Validation AUC": 0.5, "_wandb": {"runtime": 16}}