{"AUC": 0.56689453125, "_timestamp": 1693343512.6123981, "_runtime": 20.59469223022461, "_step": 5, "Validation AUC": 0.5, "Loss": 2.1673319339752197, "Validation Loss": 2.229907512664795, "Accuracy": 0.125, "Validation Accuracy": 0.1111111119389534, "_wandb": {"runtime": 20}}