{"AUC": 0.94293212890625, "_timestamp": 1693343428.582533, "_runtime": 12.004628896713257, "_step": 5, "Validation AUC": 0.9182099103927612, "Loss": 1.6042535305023193, "Validation Loss": 1.7544143199920654, "Accuracy": 0.59375, "Validation Accuracy": 0.5555555820465088, "_wandb": {"runtime": 11}}