{"AUC": 0.52545166015625, "_timestamp": 1693340155.212216, "_runtime": 12.383360862731934, "_step": 1, "Validation AUC": 0.5, "_wandb": {"runtime": 8}}