{"AUC": 0.53533935546875, "_timestamp": 1693341069.3299568, "_runtime": 12.984344720840454, "_step": 1, "Validation AUC": 0.5192901492118835, "_wandb": {"runtime": 12}}