{"AUC": 0.56732177734375, "_timestamp": 1693340665.279209, "_runtime": 11.873003005981445, "_step": 1, "Validation AUC": 0.5, "_wandb": {"runtime": 8}}