{"AUC": 0.496826171875, "_timestamp": 1693340135.789078, "_runtime": 19.082447052001953, "_step": 1, "Validation AUC": 0.5, "_wandb": {"runtime": 18}}