{"AUC": 0.463134765625, "_timestamp": 1693339994.327343, "_runtime": 21.03297710418701, "_step": 1, "Validation AUC": 0.5, "_wandb": {"runtime": 20}}