{"AUC": 0.98052978515625, "_timestamp": 1693341093.5840592, "_runtime": 16.26392912864685, "_step": 1, "Validation AUC": 0.9336419701576233, "_wandb": {"runtime": 15}}