{"AUC": 0.440185546875, "_timestamp": 1693340599.2465959, "_runtime": 13.496419906616211, "_step": 1, "Validation AUC": 0.5, "_wandb": {"runtime": 13}}