{"AUC": 0.513671875, "_timestamp": 1693343171.2518928, "_runtime": 20.9505398273468, "_step": 5, "Validation AUC": 0.5, "Loss": 2.1690847873687744, "Validation Loss": 2.2346792221069336, "Accuracy": 0.03125, "Validation Accuracy": 0.1111111119389534, "_wandb": {"runtime": 20}}