{"AUC": 0.5, "_timestamp": 1693339223.3881297, "_runtime": 21.438640594482422, "_step": 1, "_wandb": {"runtime": 20}}