{"AUC": 0.5511474609375, "_timestamp": 1693340766.8749166, "_runtime": 8.645160436630249, "_step": 1, "Validation AUC": 0.5, "_wandb": {"runtime": 8}}