{"AUC": 0.45751953125, "_timestamp": 1693341539.1398787, "_runtime": 8.383917808532715, "_step": 1, "Validation AUC": 0.4999999701976776, "_wandb": {"runtime": 7}}