{"AUC": 0.667236328125, "_timestamp": 1693340417.5905476, "_runtime": 8.691917657852173, "_step": 1, "Validation AUC": 0.6126543283462524, "_wandb": {"runtime": 8}}