{"AUC": 0.4912109375, "_timestamp": 1693340709.479728, "_runtime": 13.939081907272339, "_step": 1, "Validation AUC": 0.5, "_wandb": {"runtime": 13}}