{"AUC": 0.4999999701976776, "_timestamp": 1693339317.5245519, "_runtime": 20.10583782196045, "_step": 1, "_wandb": {"runtime": 19}}