{"AUC": 0.46435546875, "_timestamp": 1693341603.607672, "_runtime": 14.753951072692871, "_step": 1, "Validation AUC": 0.5, "_wandb": {"runtime": 14}}