{"AUC": 0.97210693359375, "_timestamp": 1693341792.4331527, "_runtime": 16.1718647480011, "_step": 1, "Validation AUC": 0.9552469253540039, "_wandb": {"runtime": 15}}