{"AUC": 0.8839111328125, "_timestamp": 1693339943.5350847, "_runtime": 13.578874826431274, "_step": 1, "Validation AUC": 0.8503086566925049, "_wandb": {"runtime": 13}}