{"AUC": 0.5, "_timestamp": 1693339358.5431182, "_runtime": 9.098571300506592, "_step": 1, "_wandb": {"runtime": 8}}