{"AUC": 0.61431884765625, "_timestamp": 1693340533.3326647, "_runtime": 15.010273694992065, "_step": 1, "Validation AUC": 0.6620370745658875, "_wandb": {"runtime": 13}}