{"AUC": 0.4801025390625, "_timestamp": 1693341865.634137, "_runtime": 15.768187999725342, "_step": 1, "Validation AUC": 0.4999999701976776, "_wandb": {"runtime": 15}}