{"AUC": 0.76800537109375, "_timestamp": 1693343049.277395, "_runtime": 14.989773035049438, "_step": 5, "Validation AUC": 0.8464506268501282, "Loss": 2.105395793914795, "Validation Loss": 1.838806390762329, "Accuracy": 0.25, "Validation Accuracy": 0.5555555820465088, "_wandb": {"runtime": 14}}