{"AUC": 0.465576171875, "_timestamp": 1693339859.8023841, "_runtime": 8.404920101165771, "_step": 1, "Validation AUC": 0.5, "_wandb": {"runtime": 7}}