{"AUC": 0.5819091796875, "_timestamp": 1693340782.7498894, "_runtime": 8.677221298217773, "_step": 1, "Validation AUC": 0.5401234030723572, "_wandb": {"runtime": 7}}