{"AUC": 0.54547119140625, "_timestamp": 1693341706.8940642, "_runtime": 13.454902172088623, "_step": 1, "Validation AUC": 0.5370370149612427, "_wandb": {"runtime": 12}}