{"AUC": 0.5537109375, "_timestamp": 1693341132.9267542, "_runtime": 8.359434127807617, "_step": 1, "Validation AUC": 0.5, "_wandb": {"runtime": 7}}