{"AUC": 0.58294677734375, "_timestamp": 1693340811.2481146, "_runtime": 21.69083046913147, "_step": 1, "Validation AUC": 0.5671296119689941, "_wandb": {"runtime": 21}}