{"AUC": 0.634521484375, "_timestamp": 1693341177.1109319, "_runtime": 16.44735097885132, "_step": 1, "Validation AUC": 0.6057099103927612, "_wandb": {"runtime": 15}}