{"AUC": 0.81341552734375, "_timestamp": 1693341639.1795223, "_runtime": 13.693950176239014, "_step": 1, "Validation AUC": 0.6959877014160156, "_wandb": {"runtime": 13}}