{"graph": {"_type": "graph-file", "sha256": "4bf5973546e482fc5f3dc60a8328e762b51d22f17d29ab6c33709c936595a7d6", "size": 1030, "path": "media/graph/graph_summary_4bf5973546e482fc5f3d.graph.json"}, "epoch": 299, "_timestamp": 1693337526.4162707, "loss": 2.5692551136016846, "accuracy": 0.25, "auc": 0.64007568359375, "val_loss": 2.6296982765197754, "val_accuracy": 0.2222222238779068, "val_auc": 0.6057099103927612, "_runtime": 239.54644775390625, "_step": 299, "best_val_loss": 2.6296982765197754, "best_epoch": 299, "_wandb": {"runtime": 239}}