{"AUC": 0.47265625, "_timestamp": 1693342774.7050245, "_runtime": 16.094226598739624, "_step": 0}