{"AUC": 0.501953125, "_timestamp": 1693341770.196114, "_runtime": 13.921849966049194, "_step": 1, "Validation AUC": 0.4999999701976776, "_wandb": {"runtime": 13}}