{"AUC": 0.49896240234375, "_timestamp": 1693339844.3265212, "_runtime": 8.592823266983032, "_step": 1, "Validation AUC": 0.5, "_wandb": {"runtime": 8}}