{"AUC": 0.9888916015625, "_timestamp": 1693340981.7175589, "_runtime": 13.652523756027222, "_step": 1, "Validation AUC": 0.9629629254341125, "_wandb": {"runtime": 13}}