{"AUC": 0.5, "_timestamp": 1693339282.4714053, "_runtime": 13.028934240341187, "_step": 1, "_wandb": {"runtime": 12}}