{"AUC": 0.9420166015625, "_timestamp": 1693340199.7769, "_runtime": 14.893413066864014, "_step": 1, "Validation AUC": 0.9290124177932739, "_wandb": {"runtime": 14}}