{"AUC": 0.5447998046875, "_timestamp": 1693339964.9565651, "_runtime": 13.025665044784546, "_step": 1, "Validation AUC": 0.4999999701976776, "_wandb": {"runtime": 12}}