{"graph": {"_type": "graph-file", "sha256": "b0069b5da29f997907482321656b0acd203a0e571552005f796be00954112d8f", "size": 1383, "path": "media/graph/graph_summary_b0069b5da29f99790748.graph.json"}, "epoch": 22, "_timestamp": 1693323705.835368, "loss": 4.350398540496826, "accuracy": 1.0, "auc": 1.0, "val_loss": 6.253626346588135, "val_accuracy": 0.3333333432674408, "val_auc": 0.8163580298423767, "_runtime": 88.95990085601807, "_step": 22, "best_val_loss": 6.253626346588135, "best_epoch": 22}