{"AUC": 0.532470703125, "_timestamp": 1693341930.7515566, "_runtime": 19.274088621139526, "_step": 1, "Validation AUC": 0.5, "_wandb": {"runtime": 18}}