{"AUC": 0.51129150390625, "_timestamp": 1693341456.1279464, "_runtime": 15.305816411972046, "_step": 1, "Validation AUC": 0.5, "_wandb": {"runtime": 14}}