{"AUC": 0.85150146484375, "_timestamp": 1693340939.131522, "_runtime": 13.626791000366211, "_step": 1, "Validation AUC": 0.8209876418113708, "_wandb": {"runtime": 12}}