{"AUC": 0.56646728515625, "_timestamp": 1693340393.688396, "_runtime": 14.80016303062439, "_step": 1, "Validation AUC": 0.5, "_wandb": {"runtime": 14}}