{"AUC": 0.5546875, "_timestamp": 1693341817.281957, "_runtime": 15.027748823165894, "_step": 1, "Validation AUC": 0.5, "_wandb": {"runtime": 14}}