{"AUC": 0.544921875, "_timestamp": 1693340854.6365259, "_runtime": 12.64044976234436, "_step": 1, "Validation AUC": 0.4999999701976776, "_wandb": {"runtime": 12}}