{"AUC": 0.513888955116272, "_timestamp": 1693339246.025026, "_runtime": 13.042196989059448, "_step": 1, "_wandb": {"runtime": 12}}