{"AUC": 0.86114501953125, "_timestamp": 1693341483.2528706, "_runtime": 20.294694662094116, "_step": 1, "Validation AUC": 0.8935185074806213, "_wandb": {"runtime": 19}}