{"AUC": 0.539794921875, "_timestamp": 1693342037.0112967, "_runtime": 19.26557183265686, "_step": 1, "Validation AUC": 0.5, "_wandb": {"runtime": 18}}