{"AUC": 0.53277587890625, "_timestamp": 1693341425.6218064, "_runtime": 12.515772342681885, "_step": 1, "Validation AUC": 0.5, "_wandb": {"runtime": 12}}