{"AUC": 0.486572265625, "_timestamp": 1693342009.4582891, "_runtime": 12.619298219680786, "_step": 1, "Validation AUC": 0.5, "_wandb": {"runtime": 12}}