{"AUC": 0.7022705078125, "_timestamp": 1693336678.2163205, "_runtime": 8.304632425308228, "_step": 0, "_wandb": {"runtime": 7}}