{"AUC": 0.4970703125, "_timestamp": 1693341331.628645, "_runtime": 8.798321008682251, "_step": 1, "Validation AUC": 0.5, "_wandb": {"runtime": 8}}