{"graph": {"_type": "graph-file", "sha256": "a87b654dedc8ff4cd9c5d3a8b4e0e141db4d41544391891ef71860de325cf40a", "size": 1032, "path": "media/graph/graph_summary_a87b654dedc8ff4cd9c5.graph.json"}, "epoch": 74, "_timestamp": 1693330401.1961665, "loss": 1.8245322704315186, "accuracy": 0.75, "auc": 0.95245361328125, "val_loss": 2.1174495220184326, "val_accuracy": 0.5555555820465088, "val_auc": 0.8672839999198914, "_runtime": 69.86385440826416, "_step": 74, "best_val_loss": 2.1174495220184326, "best_epoch": 74, "_wandb": {"runtime": 70}}