{"AUC": 0.517822265625, "_timestamp": 1693341509.156644, "_runtime": 19.160174131393433, "_step": 1, "Validation AUC": 0.5, "_wandb": {"runtime": 18}}