{"AUC": 0.61175537109375, "_timestamp": 1693340445.8309414, "_runtime": 20.950072526931763, "_step": 1, "Validation AUC": 0.6481481790542603, "_wandb": {"runtime": 20}}