{"AUC": 0.5030517578125, "_timestamp": 1693341207.3116114, "_runtime": 20.72435450553894, "_step": 1, "Validation AUC": 0.5, "_wandb": {"runtime": 20}}