{"AUC": 0.82281494140625, "_timestamp": 1693341006.5101867, "_runtime": 12.85350775718689, "_step": 1, "Validation AUC": 0.7314814329147339, "_wandb": {"runtime": 12}}