{"AUC": 0.4931640625, "_timestamp": 1693341683.8532774, "_runtime": 22.367894411087036, "_step": 1, "Validation AUC": 0.5, "_wandb": {"runtime": 21}}