{"AUC": 0.97357177734375, "_timestamp": 1693345747.4853926, "_runtime": 18.53570866584778, "_step": 5, "Validation AUC": 0.9791666269302368, "Loss": 1.320737600326538, "Validation Loss": 1.2423886060714722, "Accuracy": 0.71875, "Validation Accuracy": 0.7777777910232544, "_wandb": {"runtime": 18}}