{"AUC": 0.540283203125, "_timestamp": 1693341524.7382078, "_runtime": 8.803425788879395, "_step": 1, "Validation AUC": 0.5, "_wandb": {"runtime": 8}}