{"AUC": 0.75372314453125, "_timestamp": 1693340554.8976262, "_runtime": 15.105031251907349, "_step": 1, "Validation AUC": 0.7206790447235107, "_wandb": {"runtime": 14}}