{"AUC": 0.543701171875, "_timestamp": 1693339666.4594889, "_runtime": 13.853325843811035, "_step": 1, "Validation AUC": 0.5, "_wandb": {"runtime": 13}}