{"AUC": 0.67828369140625, "_timestamp": 1693340897.637525, "_runtime": 19.05102014541626, "_step": 1, "Validation AUC": 0.6219136118888855, "_wandb": {"runtime": 18}}