{"AUC": 0.73974609375, "_timestamp": 1693341048.8595257, "_runtime": 8.644900798797607, "_step": 1, "Validation AUC": 0.6990740895271301, "_wandb": {"runtime": 8}}