{"AUC": 0.499755859375, "_timestamp": 1693340729.930295, "_runtime": 13.628756999969482, "_step": 1, "Validation AUC": 0.4999999701976776, "_wandb": {"runtime": 13}}