{"AUC": 0.5263671875, "_timestamp": 1693340065.5656953, "_runtime": 14.768348217010498, "_step": 1, "Validation AUC": 0.5, "_wandb": {"runtime": 14}}