{"AUC": 0.513671875, "_timestamp": 1693341580.426337, "_runtime": 12.579813003540039, "_step": 1, "Validation AUC": 0.5, "_wandb": {"runtime": 12}}