{"AUC": 0.65740966796875, "_timestamp": 1693341030.92985, "_runtime": 16.42397403717041, "_step": 1, "Validation AUC": 0.75, "_wandb": {"runtime": 15}}