{"AUC": 0.87066650390625, "_timestamp": 1693336662.8038886, "_runtime": 8.397611618041992, "_step": 0, "_wandb": {"runtime": 7}}