{"AUC": 0.78125, "_timestamp": 1693340043.5634327, "_runtime": 12.717315673828125, "_step": 1, "Validation AUC": 0.770061731338501, "_wandb": {"runtime": 12}}