{"AUC": 0.743896484375, "_timestamp": 1693341257.7826767, "_runtime": 8.767760753631592, "_step": 1, "Validation AUC": 0.7893519401550293, "_wandb": {"runtime": 7}}