{"AUC": 0.5, "_timestamp": 1693339173.671208, "_runtime": 13.201328992843628, "_step": 1, "_wandb": {"runtime": 12}}