{"AUC": 0.91522216796875, "_timestamp": 1693336432.242103, "_runtime": 22.562841176986694, "_step": 0, "_wandb": {"runtime": 22}}