{"AUC": 0.9097900390625, "_timestamp": 1693345440.4306993, "_runtime": 11.612205266952515, "_step": 5, "Validation AUC": 0.7777777910232544, "Loss": 1.8080291748046875, "Validation Loss": 2.1445374488830566, "Accuracy": 0.5, "Validation Accuracy": 0.5555555820465088, "_wandb": {"runtime": 11}}