{"AUC": 0.54736328125, "_timestamp": 1693336473.5275323, "_runtime": 9.424565315246582, "_step": 0, "_wandb": {"runtime": 8}}