{"AUC": 0.8941650390625, "_timestamp": 1693340220.3021123, "_runtime": 14.72796630859375, "_step": 1, "Validation AUC": 0.9143518209457397, "_wandb": {"runtime": 14}}