{"AUC": 0.448486328125, "_timestamp": 1693336456.8907135, "_runtime": 14.560532569885254, "_step": 0, "_wandb": {"runtime": 14}}