{"AUC": 0.470703125, "_timestamp": 1693340644.0811594, "_runtime": 16.574966430664062, "_step": 1, "Validation AUC": 0.5, "_wandb": {"runtime": 16}}