{"AUC": 0.61114501953125, "_timestamp": 1693340960.4177723, "_runtime": 8.321582317352295, "_step": 1, "Validation AUC": 0.6095678806304932, "_wandb": {"runtime": 7}}