{"AUC": 0.474365234375, "_timestamp": 1693340576.6184824, "_runtime": 15.864473342895508, "_step": 1, "Validation AUC": 0.5, "_wandb": {"runtime": 15}}