{"AUC": 0.52685546875, "_timestamp": 1693341654.9553423, "_runtime": 8.46649432182312, "_step": 1, "Validation AUC": 0.5, "_wandb": {"runtime": 7}}