{"AUC": 0.529541015625, "_timestamp": 1693340235.4164295, "_runtime": 8.94281554222107, "_step": 1, "Validation AUC": 0.5, "_wandb": {"runtime": 8}}