{"AUC": 0.5528564453125, "_timestamp": 1693336716.5621035, "_runtime": 9.426901578903198, "_step": 0, "_wandb": {"runtime": 8}}