{"AUC": 0.51873779296875, "_timestamp": 1693342088.9981976, "_runtime": 19.364615440368652, "_step": 1, "Validation AUC": 0.5, "_wandb": {"runtime": 18}}