{"AUC": 0.4677734375, "_timestamp": 1693340287.8976762, "_runtime": 15.04778528213501, "_step": 1, "Validation AUC": 0.5, "_wandb": {"runtime": 14}}