{"AUC": 0.5142822265625, "_timestamp": 1693340476.6598039, "_runtime": 20.49954581260681, "_step": 1, "Validation AUC": 0.5, "_wandb": {"runtime": 19}}