{"AUC": 0.548828125, "_timestamp": 1693340919.4822671, "_runtime": 14.959728240966797, "_step": 1, "Validation AUC": 0.5, "_wandb": {"runtime": 14}}