{"AUC": 0.5, "_timestamp": 1693339193.7248988, "_runtime": 12.990195751190186, "_step": 1, "_wandb": {"runtime": 12}}