{"AUC": 0.491943359375, "_timestamp": 1693336700.723695, "_runtime": 9.185214042663574, "_step": 0, "_wandb": {"runtime": 8}}