{"AUC": 0.8221435546875, "_timestamp": 1693341729.0189686, "_runtime": 15.509368658065796, "_step": 1, "Validation AUC": 0.8518518805503845, "_wandb": {"runtime": 15}}