{"AUC": 0.5546875, "_timestamp": 1693341617.984938, "_runtime": 8.378273010253906, "_step": 1, "Validation AUC": 0.5, "_wandb": {"runtime": 7}}