{"AUC": 0.52630615234375, "_timestamp": 1693340325.4978852, "_runtime": 9.051230192184448, "_step": 1, "Validation AUC": 0.5, "_wandb": {"runtime": 7}}