{"AUC": 0.4697265625, "_timestamp": 1693341981.468453, "_runtime": 16.73403286933899, "_step": 1, "Validation AUC": 0.5, "_wandb": {"runtime": 15}}