{"graph": {"_type": "graph-file", "sha256": "94afb385b7e6c12c0b5c405013b4a3b4e4fcf394e6384ea48acb54a947250037", "size": 1030, "path": "media/graph/graph_summary_94afb385b7e6c12c0b5c.graph.json"}, "epoch": 46, "_timestamp": 1693328779.3424673, "loss": 2.2900099754333496, "accuracy": 0.34375, "auc": 0.77398681640625, "val_loss": 2.3202946186065674, "val_accuracy": 0.2222222238779068, "val_auc": 0.7175925970077515, "_runtime": 44.526302337646484, "_step": 46, "best_val_loss": 2.3202946186065674, "best_epoch": 46, "_wandb": {"runtime": 44}}