{"AUC": 0.54248046875, "_timestamp": 1693341357.865445, "_runtime": 20.29176092147827, "_step": 1, "Validation AUC": 0.4999999701976776, "_wandb": {"runtime": 19}}