{"AUC": 0.479736328125, "_timestamp": 1693336647.0401669, "_runtime": 23.27415895462036, "_step": 0, "_wandb": {"runtime": 22}}