{"AUC": 0.943603515625, "_timestamp": 1693345666.371152, "_runtime": 11.785784006118774, "_step": 5, "Validation AUC": 0.8904321193695068, "Loss": 1.432375192642212, "Validation Loss": 1.7350631952285767, "Accuracy": 0.65625, "Validation Accuracy": 0.5555555820465088, "_wandb": {"runtime": 11}}