{"AUC": 0.77862548828125, "_timestamp": 1693341377.6716325, "_runtime": 13.143406629562378, "_step": 1, "Validation AUC": 0.6898148059844971, "_wandb": {"runtime": 12}}