{"AUC": 0.6234130859375, "_timestamp": 1693341748.3921099, "_runtime": 12.874501943588257, "_step": 1, "Validation AUC": 0.727623462677002, "_wandb": {"runtime": 12}}