{"graph": {"_type": "graph-file", "sha256": "08d9df834363df7f3737c04615190fa1d3bddba7562352d4bca3a87d47f16e6f", "size": 1031, "path": "media/graph/graph_summary_08d9df834363df7f3737.graph.json"}, "epoch": 46, "_timestamp": 1693330069.1140816, "loss": 2.3220059871673584, "accuracy": 0.4375, "auc": 0.811767578125, "val_loss": 2.3867056369781494, "val_accuracy": 0.3333333432674408, "val_auc": 0.7291666865348816, "_runtime": 45.350523710250854, "_step": 46, "best_val_loss": 2.3867056369781494, "best_epoch": 46, "_wandb": {"runtime": 44}}