{"AUC": 0.454833984375, "_timestamp": 1693341843.9259632, "_runtime": 20.93131923675537, "_step": 1, "Validation AUC": 0.5, "_wandb": {"runtime": 20}}