{"AUC": 0.5384521484375, "_timestamp": 1693336376.1568522, "_runtime": 14.884931325912476, "_step": 0, "_wandb": {"runtime": 14}}