{"AUC": 0.5706787109375, "_timestamp": 1693340108.368799, "_runtime": 12.708881855010986, "_step": 1, "Validation AUC": 0.5385802984237671, "_wandb": {"runtime": 12}}