{"AUC": 0.52783203125, "_timestamp": 1693341316.322088, "_runtime": 20.516518115997314, "_step": 1, "Validation AUC": 0.5, "_wandb": {"runtime": 20}}