{"AUC": 0.4736328125, "_timestamp": 1693341233.60992, "_runtime": 15.412635087966919, "_step": 1, "Validation AUC": 0.5, "_wandb": {"runtime": 14}}