{"AUC": 0.56591796875, "_timestamp": 1693340620.1477368, "_runtime": 13.435936689376831, "_step": 1, "Validation AUC": 0.5030864477157593, "_wandb": {"runtime": 12}}