{"AUC": 0.469482421875, "_timestamp": 1693339920.0759854, "_runtime": 21.527313470840454, "_step": 1, "Validation AUC": 0.5, "_wandb": {"runtime": 20}}