{"AUC": 0.82427978515625, "_timestamp": 1693341397.6245284, "_runtime": 13.222055435180664, "_step": 1, "Validation AUC": 0.8503086566925049, "_wandb": {"runtime": 12}}