{"AUC": 0.793212890625, "_timestamp": 1693340023.850773, "_runtime": 19.78839898109436, "_step": 1, "Validation AUC": 0.7916666269302368, "_wandb": {"runtime": 19}}