{"AUC": 0.4462890625, "_timestamp": 1693339641.8037448, "_runtime": 15.180744886398315, "_step": 1, "Validation AUC": 0.5, "_wandb": {"runtime": 13}}