{"AUC": 0.53564453125, "_timestamp": 1693340340.4995975, "_runtime": 8.293679475784302, "_step": 1, "Validation AUC": 0.5, "_wandb": {"runtime": 7}}