{"AUC": 0.791748046875, "_timestamp": 1693340178.2152169, "_runtime": 14.383238792419434, "_step": 1, "Validation AUC": 0.7777777910232544, "_wandb": {"runtime": 13}}