{"graph": {"_type": "graph-file", "sha256": "02c94d77d55670e56be1d97c595c15b685055f3734ffee5de1108211fdff602d", "size": 1438, "path": "media/graph/graph_summary_02c94d77d55670e56be1.graph.json"}, "epoch": 241, "_timestamp": 1693316699.8916104, "loss": 0.2191280722618103, "accuracy": 1.0, "auc_1": 1.0, "val_loss": 1.8352426290512085, "val_accuracy": 0.6666666865348816, "val_auc_1": 0.9197530746459961, "_runtime": 1206.031666278839, "_step": 341, "best_val_loss": 1.8352426290512085, "best_epoch": 241, "auc_2": 1.0, "val_auc_2": 0.9490740299224854}