{"AUC": 0.56243896484375, "_timestamp": 1693336401.3871253, "_runtime": 13.333608150482178, "_step": 0, "_wandb": {"runtime": 12}}