{"graph": {"_type": "graph-file", "sha256": "bb91be2fe49500d49ea292656eb9140d317f202a081fc25f022213bcbe80fff6", "size": 1055, "path": "media/graph/graph_summary_bb91be2fe49500d49ea2.graph.json"}, "epoch": 50, "_timestamp": 1693329059.2762573, "loss": 2.337172269821167, "accuracy": 0.40625, "auc_1": 0.814453125, "val_loss": 2.3943586349487305, "val_accuracy": 0.3333333432674408, "val_auc_1": 0.7168209552764893, "_runtime": 47.207632303237915, "_step": 50, "best_val_loss": 2.3943586349487305, "best_epoch": 50, "_wandb": {"runtime": 47}}