{"AUC": 0.52032470703125, "_timestamp": 1693340363.6672287, "_runtime": 15.481606721878052, "_step": 1, "Validation AUC": 0.4999999701976776, "_wandb": {"runtime": 15}}