{"AUC": 0.5546875, "_timestamp": 1693341116.1611006, "_runtime": 12.88537073135376, "_step": 1, "Validation AUC": 0.5, "_wandb": {"runtime": 12}}