{"AUC": 0.552001953125, "_timestamp": 1693341905.6507204, "_runtime": 8.918719291687012, "_step": 1, "Validation AUC": 0.5, "_wandb": {"runtime": 8}}