{"AUC": 0.62872314453125, "_timestamp": 1693341889.45809, "_runtime": 8.570986986160278, "_step": 1, "Validation AUC": 0.569444477558136, "_wandb": {"runtime": 8}}