{"AUC": 0.9158951044082642, "_timestamp": 1693339343.3617363, "_runtime": 19.88402819633484, "_step": 1, "_wandb": {"runtime": 19}}