{"AUC": 0.85980224609375, "_timestamp": 1693342105.005136, "_runtime": 8.610162019729614, "_step": 1, "Validation AUC": 0.8665124177932739, "_wandb": {"runtime": 7}}