{"AUC": 0.47637939453125, "_timestamp": 1693341954.6128974, "_runtime": 16.194063425064087, "_step": 1, "Validation AUC": 0.5, "_wandb": {"runtime": 15}}