{"graph": {"_type": "graph-file", "sha256": "b0069b5da29f997907482321656b0acd203a0e571552005f796be00954112d8f", "size": 1383, "path": "media/graph/graph_summary_b0069b5da29f99790748.graph.json"}, "epoch": 260, "_timestamp": 1693324074.4717448, "loss": 0.17847591638565063, "accuracy": 1.0, "auc": 1.0, "val_loss": 1.7555650472640991, "val_accuracy": 0.7777777910232544, "val_auc": 0.9513888955116272, "_runtime": 273.13032484054565, "_step": 260, "best_val_loss": 1.7555650472640991, "best_epoch": 260, "_wandb": {"runtime": 273}}