{"AUC": 0.8876953125, "_timestamp": 1693340687.3136108, "_runtime": 12.84512972831726, "_step": 1, "Validation AUC": 0.8850309252738953, "_wandb": {"runtime": 12}}