{"AUC": 0.54071044921875, "_timestamp": 1693340753.288405, "_runtime": 15.082628965377808, "_step": 1, "Validation AUC": 0.5841050148010254, "_wandb": {"runtime": 14}}