{"AUC": 0.99725341796875, "_timestamp": 1693344443.0877833, "_runtime": 15.302490234375, "_step": 5, "Validation AUC": 0.9814814925193787, "Loss": 1.0308232307434082, "Validation Loss": 1.3430278301239014, "Accuracy": 0.90625, "Validation Accuracy": 0.7777777910232544, "_wandb": {"runtime": 14}}