{"AUC": 0.4999999701976776, "_timestamp": 1693339384.4349787, "_runtime": 19.7605197429657, "_step": 1, "_wandb": {"runtime": 19}}