{"AUC": 0.78082275390625, "_timestamp": 1693340871.0098498, "_runtime": 8.119754791259766, "_step": 1, "Validation AUC": 0.7492283582687378, "_wandb": {"runtime": 7}}