{"AUC": 0.53912353515625, "_timestamp": 1693340308.5376692, "_runtime": 12.67546010017395, "_step": 1, "Validation AUC": 0.4999999701976776, "_wandb": {"runtime": 12}}