{"AUC": 0.5673828125, "_timestamp": 1693341560.7444513, "_runtime": 12.61613416671753, "_step": 1, "Validation AUC": 0.5038580298423767, "_wandb": {"runtime": 12}}